dim,icc
0,0.9844455718994141
1,0.9726130962371826
2,0.9812689423561096
3,0.9835564494132996
4,0.9753034710884094
5,0.9894075989723206
6,0.9829494953155518
7,0.9272580742835999
8,0.9865753054618835
9,0.9757962226867676
10,0.9883374571800232
11,0.9889477491378784
12,0.8107433319091797
13,0.9579653143882751
14,0.9848052263259888
15,0.9707733392715454
16,0.9833362102508545
17,0.9863408803939819
18,0.970943033695221
19,0.9648193717002869
20,0.9606479406356812
21,0.9820426106452942
22,0.8597780466079712
23,0.9807422757148743
24,0.979613184928894
25,0.9793989658355713
26,0.9817467331886292
27,0.982722282409668
28,0.9764673113822937
29,0.9749721884727478
30,0.987607479095459
31,0.9769487977027893
32,0.9685962200164795
33,0.9881925582885742
34,0.9726271033287048
35,0.9891833066940308
36,0.989912211894989
37,0.9810946583747864
38,0.9890454411506653
39,0.9870453476905823
40,0.9757104516029358
41,0.9783937335014343
42,0.9735386967658997
43,0.9761795401573181
44,0.990008533000946
45,0.9793974161148071
46,0.8542660474777222
47,0.9885987043380737
48,0.933978259563446
49,0.9844339489936829
50,0.9822568893432617
51,0.9473435878753662
52,0.9703823328018188
53,0.9632251858711243
54,0.9873403310775757
55,0.9767764210700989
56,0.9886175394058228
57,0.9662488698959351
58,0.9650588631629944
59,0.9701444506645203
60,0.8809639811515808
61,0.9343807697296143
62,0.9586184024810791
63,0.9910199046134949
64,0.625497043132782
65,0.9216957092285156
66,0.9682459235191345
67,0.7623627781867981
68,0.9876708388328552
69,0.9808499217033386
70,0.9579882621765137
71,0.9338976740837097
72,0.9737544059753418
73,0.8773480653762817
74,0.937883198261261
75,0.9620169401168823
76,0.9616164565086365
77,0.9686132669448853
78,0.8535130620002747
79,0.93672776222229
80,0.9484292268753052
81,0.8869617581367493
82,0.9815471172332764
83,0.9433536529541016
84,0.9816184043884277
85,0.9492589235305786
86,0.9423242807388306
87,0.7985422611236572
88,0.9176472425460815
89,0.8953409790992737
90,0.9112465381622314
91,0.940475344657898
92,0.9732597470283508
93,0.8168419599533081
94,0.9813035726547241
95,0.7828059792518616
96,0.9287489652633667
97,0.9545345902442932
98,0.942009449005127
99,0.7924755811691284
100,0.9435866475105286
101,0.9870402216911316
102,0.9323397278785706
103,0.9632883667945862
104,0.9499150514602661
105,0.9077497720718384
106,0.8948182463645935
107,0.9698253273963928
108,0.9085725545883179
109,0.9714052081108093
110,0.9740235209465027
111,0.745026707649231
112,0.9231538772583008
113,0.7368358373641968
114,0.8634483218193054
115,0.8509889245033264
116,0.9417482614517212
117,0.9814848899841309
118,0.8540772795677185
119,0.9833623766899109
120,0.9460558295249939
121,0.9754415154457092
122,0.9650927186012268
123,0.9751227498054504
124,0.9639949798583984
125,0.9858090877532959
126,0.9343438744544983
127,0.9165124297142029
128,0.34922337532043457
129,0.3438176214694977
130,0.3356550931930542
131,0.3243073523044586
132,0.30897775292396545
133,0.2887945771217346
134,0.2629188299179077
135,0.23075051605701447
136,0.19225738942623138
137,0.14839088916778564
138,0.10150927305221558
139,0.05525366961956024
140,0.01393610704690218
141,-0.018377015367150307
142,-0.039064403623342514
143,-0.04753483831882477
144,-0.0450151227414608
145,-0.03381070867180824
146,-0.016510160639882088
147,0.004560447763651609
148,0.02749723568558693
149,0.0510125607252121
150,0.07433973997831345
151,0.09695424139499664
152,0.11855419725179672
153,0.1389811486005783
154,0.15816356241703033
155,0.1760769635438919
156,0.1927180141210556
157,0.20808802545070648
158,0.22215846180915833
159,0.23492419719696045
160,0.2463812381029129
161,0.2564803957939148
162,0.2651583254337311
163,0.27233821153640747
164,0.27793383598327637
165,0.28185373544692993
166,0.2840074598789215
167,0.284311980009079
168,0.28271207213401794
169,0.2791796326637268
170,0.27369454503059387
171,0.26628080010414124
172,0.25700244307518005
173,0.24596527218818665
174,0.2333153337240219
175,0.21923400461673737
176,0.20393048226833344
177,0.18763141334056854
178,0.17062343657016754
179,0.15313690900802612
180,0.13532491028308868
181,0.11736652255058289
182,0.09940938651561737
183,0.0815674215555191
184,0.06391986459493637
185,0.04651326686143875
186,0.029366107657551765
187,0.012473625130951405
188,-0.0041731265373528
189,-0.020622098818421364
190,-0.03692014887928963
191,-0.05308760330080986
192,-0.06912806630134583
193,-0.08502168953418732
194,-0.10071858763694763
195,-0.11613365262746811
196,-0.1311417669057846
197,-0.14557716250419617
198,-0.1592526137828827
199,-0.1719122976064682
200,-0.18325220048427582
201,-0.19297245144844055
202,-0.20077060163021088
203,-0.20635856688022614
204,-0.20948131382465363
205,-0.20993535220623016
206,-0.20758463442325592
207,-0.202373668551445
208,-0.1942889243364334
209,-0.18343016505241394
210,-0.1700439453125
211,-0.15441323816776276
212,-0.13688069581985474
213,-0.11783035099506378
214,-0.09767094999551773
215,-0.07681949436664581
216,-0.05568615347146988
217,-0.034663621336221695
218,-0.014055689796805382
219,0.005793804302811623
220,0.024519728496670723
221,0.04185866564512253
222,0.057585105299949646
223,0.07150895148515701
224,0.08347323536872864
225,0.09335237741470337
226,0.10104874521493912
227,0.10649175196886063
228,0.10966964066028595
229,0.11055555939674377
230,0.10911552608013153
231,0.10537338256835938
232,0.09937426447868347
233,0.09118466079235077
234,0.08089260011911392
235,0.06860804557800293
236,0.05446438863873482
237,0.038618527352809906
238,0.02129880152642727
239,0.002722812118008733
240,-0.016919264569878578
241,-0.0373699776828289
242,-0.058349110186100006
243,-0.07955458760261536
244,-0.10066654533147812
245,-0.1213504746556282
246,-0.14126332104206085
247,-0.16006208956241608
248,-0.1773509532213211
249,-0.19281873106956482
250,-0.20624415576457977
251,-0.21738575398921967
252,-0.22605402767658234
253,-0.2321213036775589
254,-0.23553043603897095
255,-0.2363002449274063
256,-0.23452773690223694
257,-0.23038607835769653
258,-0.2241179347038269
259,-0.21604931354522705
260,-0.20653490722179413
261,-0.19594904780387878
262,-0.18467719852924347
263,-0.17309924960136414
264,-0.16157366335391998
265,-0.150424525141716
266,-0.13993094861507416
267,-0.1303205043077469
268,-0.12179943174123764
269,-0.11448200047016144
270,-0.10839338600635529
271,-0.10354506224393845
272,-0.0999067947268486
273,-0.09741366654634476
274,-0.09597393870353699
275,-0.09547511488199234
276,-0.09579215943813324
277,-0.096793033182621
278,-0.09835882484912872
279,-0.10035654157400131
280,-0.1026517003774643
281,-0.10513589531183243
282,-0.10771431028842926
283,-0.1103062629699707
284,-0.11284591257572174
285,-0.11528212577104568
286,-0.11757758259773254
287,-0.11970821768045425
288,-0.12168315798044205
289,-0.12350665777921677
290,-0.12515999376773834
291,-0.12664662301540375
292,-0.1279701292514801
293,-0.1291302740573883
294,-0.13012011349201202
295,-0.13092371821403503
296,-0.1315130740404129
297,-0.1318468451499939
298,-0.13191159069538116
299,-0.13163426518440247
300,-0.13087785243988037
301,-0.12953248620033264
302,-0.12747305631637573
303,-0.12456218898296356
304,-0.12065351009368896
305,-0.11559703946113586
306,-0.10924486815929413
307,-0.10145870596170425
308,-0.09213951230049133
309,-0.08118617534637451
310,-0.0685243234038353
311,-0.05415469780564308
312,-0.038137663155794144
313,-0.02060152404010296
314,-0.0017456056084483862
315,0.01816052384674549
316,0.03878139704465866
317,0.05973035842180252
318,0.08058259636163712
319,0.10089316964149475
320,0.12022841721773148
321,0.13818587362766266
322,0.15441633760929108
323,0.16863763332366943
324,0.18064254522323608
325,0.19030456244945526
326,0.19757205247879028
327,0.20246222615242004
328,0.2050347477197647
329,0.20540614426136017
330,0.20374344289302826
331,0.2002171277999878
332,0.1950051486492157
333,0.18828342854976654
334,0.1802193820476532
335,0.17096564173698425
336,0.160658597946167
337,0.14941443502902985
338,0.13731172680854797
339,0.12442658096551895
340,0.1108354851603508
341,0.09658163040876389
342,0.08169437944889069
343,0.0661926418542862
344,0.05008906126022339
345,0.0333915613591671
346,0.016110196709632874
347,-0.0017411998705938458
348,-0.020175190642476082
349,-0.03915669769048691
350,-0.05859768018126488
351,-0.07842257618904114
352,-0.0985349714756012
353,-0.11881455779075623
354,-0.1391173005104065
355,-0.15927842259407043
356,-0.1791134625673294
357,-0.1984235644340515
358,-0.21703217923641205
359,-0.23471753299236298
360,-0.2512359917163849
361,-0.26638633012771606
362,-0.27998143434524536
363,-0.2918524444103241
364,-0.30185067653656006
365,-0.30984997749328613
366,-0.3157472610473633
367,-0.319461852312088
368,-0.3209466338157654
369,-0.32015755772590637
370,-0.3170630931854248
371,-0.3116663992404938
372,-0.3039909601211548
373,-0.2940836548805237
374,-0.28201964497566223
375,-0.2679083049297333
376,-0.25190234184265137
377,-0.23420731723308563
378,-0.21509017050266266
379,-0.1948976218700409
380,-0.17406904697418213
381,-0.15313540399074554
382,-0.13271580636501312
383,-0.11350484192371368
384,-0.0962434783577919
385,-0.08167336136102676
386,-0.07048213481903076
387,-0.06323803216218948
388,-0.06033793464303017
389,-0.06195279210805893
390,-0.0679975301027298
391,-0.07815804332494736
392,-0.0919254720211029
393,-0.10865577310323715
394,-0.12763471901416779
395,-0.14814290404319763
396,-0.16950632631778717
397,-0.19113324582576752
398,-0.21251767873764038
399,-0.23326125741004944
400,-0.2530946433544159
401,-0.27182623744010925
402,-0.2893405854701996
403,-0.30558261275291443
404,-0.32054194808006287
405,-0.3342428505420685
406,-0.3467315137386322
407,-0.3580702543258667
408,-0.368300199508667
409,-0.3774966895580292
410,-0.38576740026474
411,-0.39318737387657166
412,-0.39982905983924866
413,-0.4057607352733612
414,-0.4110458791255951
415,-0.4157431125640869
416,-0.4199064373970032
417,-0.42358556389808655
418,-0.42680633068084717
419,-0.429614394903183
420,-0.4320686459541321
421,-0.43420401215553284
422,-0.4360526502132416
423,-0.4376436173915863
424,-0.4390040636062622
425,-0.44015878438949585
426,-0.44113102555274963
427,-0.44190505146980286
428,-0.27718937397003174
429,-0.2814902663230896
430,-0.28458648920059204
431,-0.285534143447876
432,-0.2835471034049988
433,-0.27772894501686096
434,-0.26715952157974243
435,-0.2510627210140228
436,-0.22906911373138428
437,-0.20153243839740753
438,-0.1698525995016098
439,-0.13642311096191406
440,-0.1042148619890213
441,-0.0762852355837822
442,-0.05504710227251053
443,-0.04182799533009529
444,-0.03682288900017738
445,-0.03935537114739418
446,-0.04825862497091293
447,-0.062211472541093826
448,-0.08000857383012772
449,-0.10056252032518387
450,-0.12294524908065796
451,-0.14646869897842407
452,-0.17060115933418274
453,-0.19493384659290314
454,-0.219147726893425
455,-0.2429898977279663
456,-0.26625174283981323
457,-0.2887566387653351
458,-0.310369074344635
459,-0.3309307396411896
460,-0.35028132796287537
461,-0.3682924807071686
462,-0.3848397433757782
463,-0.3997997045516968
464,-0.4130498468875885
465,-0.4244671165943146
466,-0.43392789363861084
467,-0.44130584597587585
468,-0.446466326713562
469,-0.44927719235420227
470,-0.4496190845966339
471,-0.4473663866519928
472,-0.44239771366119385
473,-0.4345989227294922
474,-0.423870325088501
475,-0.4101376235485077
476,-0.393363893032074
477,-0.3735688328742981
478,-0.35084885358810425
479,-0.32541391253471375
480,-0.29760313034057617
481,-0.26791268587112427
482,-0.23701967298984528
483,-0.20579174160957336
484,-0.1752726137638092
485,-0.14664091169834137
486,-0.12113618850708008
487,-0.09995517134666443
488,-0.08415210992097855
489,-0.07449336349964142
490,-0.07135961204767227
491,-0.0747489258646965
492,-0.08427750319242477
493,-0.09924592822790146
494,-0.1187376081943512
495,-0.14172546565532684
496,-0.16717052459716797
497,-0.19409771263599396
498,-0.22165901958942413
499,-0.2491239607334137
500,-0.27589151263237
501,-0.3015075623989105
502,-0.32563015818595886
503,-0.34800955653190613
504,-0.3684645891189575
505,-0.38686496019363403
506,-0.4031127989292145
507,-0.41712936758995056
508,-0.4288526475429535
509,-0.4382060766220093
510,-0.4450969099998474
511,-0.44942745566368103
512,-0.451081782579422
513,-0.4499247968196869
514,-0.4458005726337433
515,-0.4385361075401306
516,-0.42794477939605713
517,-0.41383451223373413
518,-0.3960232734680176
519,-0.374351441860199
520,-0.34869834780693054
521,-0.3190149962902069
522,-0.28535109758377075
523,-0.2478848546743393
524,-0.20695684850215912
525,-0.1630936861038208
526,-0.1170259341597557
527,-0.06968335807323456
528,-0.02220817282795906
529,0.02414664998650551
530,0.06812179088592529
531,0.10846485942602158
532,0.14405027031898499
533,0.1739598512649536
534,0.19754378497600555
535,0.21445147693157196
536,0.224630206823349
537,0.22829563915729523
538,0.22586898505687714
539,0.21796336770057678
540,0.2052917182445526
541,0.18859121203422546
542,0.16860051453113556
543,0.14602884650230408
544,0.1215372309088707
545,0.09572823345661163
546,0.06914480030536652
547,0.042272113263607025
548,0.015560908243060112
549,-0.01059756986796856
550,-0.03586207702755928
551,-0.05990028753876686
552,-0.08239693939685822
553,-0.10304707288742065
554,-0.12155183404684067
555,-0.13761702179908752
556,-0.15095430612564087
557,-0.1612851768732071
558,-0.1683591902256012
559,-0.17195676267147064
560,-0.1718834638595581
561,-0.16801081597805023
562,-0.16028736531734467
563,-0.14875595271587372
564,-0.13356855511665344
565,-0.11499607563018799
566,-0.09343085438013077
567,-0.06937867403030396
568,-0.0435018315911293
569,-0.01649152673780918
570,0.010995070450007915
571,0.03824659436941147
572,0.06458672136068344
573,0.08940224349498749
574,0.11216988414525986
575,0.1324697881937027
576,0.1499900072813034
577,0.16452622413635254
578,0.17590804398059845
579,0.1841222643852234
580,0.1892857551574707
581,0.1915019005537033
582,0.19091296195983887
583,0.18768756091594696
584,0.182010680437088
585,0.1740758717060089
586,0.1640813946723938
587,0.1522263139486313
588,0.13867801427841187
589,0.1236468255519867
590,0.107376329600811
591,0.09008300304412842
592,0.07199635356664658
593,0.05336599051952362
594,0.03446468710899353
595,0.0155944237485528
596,-0.002908627735450864
597,-0.020675821229815483
598,-0.03732284903526306
599,-0.05241374671459198
600,-0.06548033654689789
601,-0.0760752260684967
602,-0.08377285301685333
603,-0.0881940945982933
604,-0.08903675526380539
605,-0.08610285073518753
606,-0.07932277023792267
607,-0.06877195835113525
608,-0.05468546226620674
609,-0.03743359446525574
610,-0.017498940229415894
611,0.004536399617791176
612,0.028037069365382195
613,0.052351128309965134
614,0.07684533298015594
615,0.10093265026807785
616,0.1240895539522171
617,0.1458706557750702
618,0.16588890552520752
619,0.18385173380374908
620,0.19955550134181976
621,0.21283689141273499
622,0.22358079254627228
623,0.23170924186706543
624,0.23717162013053894
625,0.2399379014968872
626,0.2399919629096985
627,0.23732906579971313
628,0.23194260895252228
629,0.2238527089357376
630,0.21310144662857056
631,0.19973798096179962
632,0.18383751809597015
633,0.16551214456558228
634,0.14492282271385193
635,0.12229015678167343
636,0.0979105532169342
637,0.07216450572013855
638,0.04553820937871933
639,0.01861261948943138
640,-0.007965284399688244
641,-0.03347165510058403
642,-0.057146258652210236
643,-0.07823313027620316
644,-0.09602892398834229
645,-0.10993736237287521
646,-0.1195136085152626
647,-0.12450145930051804
648,-0.12484631687402725
649,-0.12072138488292694
650,-0.11247267574071884
651,-0.10058058053255081
652,-0.08562289923429489
653,-0.0682295635342598
654,-0.04904269799590111
655,-0.028680384159088135
656,-0.007716300431638956
657,0.013339025899767876
658,0.03399025648832321
659,0.05385338142514229
660,0.07266931235790253
661,0.09018629789352417
662,0.10620080679655075
663,0.12054862082004547
664,0.13309593498706818
665,0.14373373985290527
666,0.15237067639827728
667,0.15892943739891052
668,0.16330023109912872
669,0.1654358208179474
670,0.1653379201889038
671,0.162973552942276
672,0.15832535922527313
673,0.15139642357826233
674,0.14221954345703125
675,0.13086535036563873
676,0.1174541488289833
677,0.10216695815324783
678,0.0852501168847084
679,0.06705133616924286
680,0.04799523949623108
681,0.028575561940670013
682,0.009348941966891289
683,-0.009087955579161644
684,-0.026132803410291672
685,-0.04122142121195793
686,-0.053870003670454025
687,-0.06371621042490005
688,-0.07053393870592117
689,-0.07427604496479034
690,-0.07506456971168518
691,-0.07314097881317139
692,-0.06884777545928955
693,-0.06258974969387054
694,-0.05479828268289566
695,-0.0458981916308403
696,-0.03628561273217201
697,-0.026310142129659653
698,-0.016283975914120674
699,-0.006454078014940023
700,0.003011665539816022
701,0.0119788758456707
702,0.02035706862807274
703,0.02809099480509758
704,0.03515360876917839
705,0.04154118150472641
706,0.04726678133010864
707,0.05235633626580238
708,0.056825652718544006
709,0.06071879714727402
710,0.06410100311040878
711,0.06701811403036118
712,0.06951609998941422
713,0.0716400071978569
714,0.0734323263168335
715,0.07493343949317932
716,0.07618093490600586
717,0.07720902562141418
718,0.07804283499717712
719,0.07871352881193161
720,0.0792534276843071
721,0.07968435436487198
722,0.080025315284729
723,0.08029245585203171
724,0.08049963414669037
725,0.0806589350104332
726,0.08077974617481232
727,0.0808669701218605
728,0.15828648209571838
729,0.14206744730472565
730,0.12246837466955185
731,0.10027182847261429
732,0.07551160454750061
733,0.04845099523663521
734,0.019669203087687492
735,-0.009877231903374195
736,-0.03885025903582573
737,-0.06563060730695724
738,-0.08852771669626236
739,-0.10614070296287537
740,-0.11755072325468063
741,-0.1224805936217308
742,-0.12131136655807495
743,-0.11492899805307388
744,-0.10449384897947311
745,-0.09121784567832947
746,-0.07620339840650558
747,-0.06035690754652023
748,-0.04447055608034134
749,-0.029012605547904968
750,-0.01418575830757618
751,-0.00017663018661551178
752,0.012918935157358646
753,0.025065984576940536
754,0.036269258707761765
755,0.04655708372592926
756,0.05596890673041344
757,0.06454876065254211
758,0.07229668647050858
759,0.07926376163959503
760,0.08552265167236328
761,0.09109022468328476
762,0.0959738940000534
763,0.10017093271017075
764,0.10367022454738617
765,0.106452077627182
766,0.10849106311798096
767,0.10975711792707443
768,0.11020451784133911
769,0.10980549454689026
770,0.10854824632406235
771,0.1064133420586586
772,0.10339182615280151
773,0.09948764741420746
774,0.09471910446882248
775,0.0891195684671402
776,0.08273747563362122
777,0.07563542574644089
778,0.06786791235208511
779,0.05951739847660065
780,0.050698984414339066
781,0.04151430353522301
782,0.03207065910100937
783,0.022478211671113968
784,0.01284874975681305
785,0.0032953449990600348
786,-0.006069496273994446
787,-0.015133925713598728
788,-0.023819975554943085
789,-0.03201855346560478
790,-0.0395892858505249
791,-0.046427737921476364
792,-0.05243438109755516
793,-0.05751585587859154
794,-0.061587121337652206
795,-0.06457336246967316
796,-0.06641320139169693
797,-0.06706006079912186
798,-0.06651196628808975
799,-0.06475542485713959
800,-0.06177680939435959
801,-0.05761412903666496
802,-0.05233023688197136
803,-0.04601071774959564
804,-0.03876371309161186
805,-0.03071625716984272
806,-0.022011488676071167
807,-0.012804080732166767
808,-0.0032610134221613407
809,0.006459912285208702
810,0.01620446890592575
811,0.025816861540079117
812,0.035150982439517975
813,0.04407227411866188
814,0.05245915427803993
815,0.060203805565834045
816,0.06721162796020508
817,0.07340029627084732
818,0.07870512455701828
819,0.08306471258401871
820,0.08641645312309265
821,0.08870891481637955
822,0.0898941308259964
823,0.08992505818605423
824,0.08875413239002228
825,0.08633290976285934
826,0.08261007070541382
827,0.07753201574087143
828,0.07104287296533585
829,0.06308180838823318
830,0.05359038710594177
831,0.042515888810157776
832,0.029812535271048546
833,0.015447969548404217
834,-0.000589634757488966
835,-0.018282389268279076
836,-0.03757293149828911
837,-0.0583520270884037
838,-0.08046091347932816
839,-0.10364772379398346
840,-0.12755410373210907
841,-0.15174195170402527
842,-0.17567873001098633
843,-0.19874686002731323
844,-0.22026626765727997
845,-0.23952913284301758
846,-0.2558455765247345
847,-0.2685958445072174
848,-0.27728962898254395
849,-0.2815900146961212
850,-0.28135308623313904
851,-0.27664801478385925
852,-0.2677326500415802
853,-0.25502243638038635
854,-0.23904584348201752
855,-0.22039666771888733
856,-0.19968858361244202
857,-0.17751666903495789
858,-0.15443065762519836
859,-0.13091954588890076
860,-0.10739831626415253
861,-0.08420893549919128
862,-0.06162404268980026
863,-0.03985794261097908
864,-0.019073380157351494
865,0.0006073146942071617
866,0.019092869013547897
867,0.03631514310836792
868,0.052219945937395096
869,0.06676071137189865
870,0.07989635318517685
871,0.09158388525247574
872,0.10177603363990784
873,0.11041638255119324
874,0.11744071543216705
875,0.12277442961931229
876,0.12633445858955383
877,0.12803225219249725
878,0.1277751922607422
879,0.12547853589057922
880,0.12107903510332108
881,0.1145433783531189
882,0.10588806122541428
883,0.09519774466753006
884,0.08264507353305817
885,0.06850738823413849
886,0.0531759038567543
887,0.037152014672756195
888,0.02102344110608101
889,0.005441548768430948
890,-0.00892351008951664
891,-0.021455468609929085
892,-0.031638842076063156
893,-0.03909797593951225
894,-0.043620023876428604
895,-0.04515574499964714
896,-0.0438007116317749
897,-0.03976371884346008
898,-0.03335268422961235
899,-0.024902282282710075
900,-0.014730117283761501
901,-0.0031591032166033983
902,0.009517703205347061
903,0.023043494671583176
904,0.03720274195075035
905,0.051820483058691025
906,0.06675706803798676
907,0.0819067433476448
908,0.0971602275967598
909,0.11246002465486526
910,0.12779968976974487
911,0.14315509796142578
912,0.15851245820522308
913,0.17386171221733093
914,0.18919411301612854
915,0.20449838042259216
916,0.2197546362876892
917,0.23493319749832153
918,0.24996508657932281
919,0.2647865414619446
920,0.27933311462402344
921,0.2934906482696533
922,0.30711817741394043
923,0.3200494349002838
924,0.33209457993507385
925,0.3430499732494354
926,0.3527064323425293
927,0.3608655631542206
928,0.3673412799835205
929,0.3720046579837799
930,0.37479445338249207
931,0.3756994605064392
932,0.37477555871009827
933,0.37214091420173645
934,0.36796650290489197
935,0.3624609410762787
936,0.35585492849349976
937,0.34838438034057617
938,0.3402746617794037
939,0.33173659443855286
940,0.32295700907707214
941,0.3140929639339447
942,0.3052735924720764
943,0.29660317301750183
944,0.2881647050380707
945,0.2800231873989105
946,0.27223095297813416
947,0.2648310959339142
948,0.2578519880771637
949,0.25132930278778076
950,0.24531212449073792
951,0.23984600603580475
952,0.2349836528301239
953,0.23078709840774536
954,0.22733014822006226
955,0.22469709813594818
956,0.2229854315519333
957,0.22230264544487
958,0.2227548360824585
959,0.22446538507938385
960,0.2275637537240982
961,0.23215751349925995
962,0.23833298683166504
963,0.24614188075065613
964,0.2555869519710541
965,0.2666090130805969
966,0.27907389402389526
967,0.2927660644054413
968,0.30738529562950134
969,0.3225576877593994
970,0.33785322308540344
971,0.35280460119247437
972,0.36693957448005676
973,0.3798106610774994
974,0.39102116227149963
975,0.40024757385253906
976,0.40725040435791016
977,0.4118788540363312
978,0.41406404972076416
979,0.4138125777244568
980,0.4111955463886261
981,0.40633073449134827
982,0.39937055110931396
983,0.3904905319213867
984,0.3798805773258209
985,0.36773696541786194
986,0.3542587459087372
987,0.3396435081958771
988,0.32407882809638977
989,0.3077588677406311
990,0.29087772965431213
991,0.27361762523651123
992,0.25615376234054565
993,0.23865360021591187
994,0.22127750515937805
995,0.20417428016662598
996,0.18748298287391663
997,0.17132841050624847
998,0.1558314710855484
999,0.14109519124031067
1000,0.12718768417835236
1001,0.11416767537593842
1002,0.1020752415060997
1003,0.09093284606933594
1004,0.0807465985417366
1005,0.0715065598487854
1006,0.06318962574005127
1007,0.05576079711318016
1008,0.04919331893324852
1009,0.04343336820602417
1010,0.0384037084877491
1011,0.034042879939079285
1012,0.0302876103669405
1013,0.027075858786702156
1014,0.0243466068059206
1015,0.02204222045838833
1016,0.020108528435230255
1017,0.018495434895157814
1018,0.017165208235383034
1019,0.01607377827167511
1020,0.015176812186837196
1021,0.014443010091781616
1022,0.013844898901879787
1023,0.013359741307795048
1024,0.012967647053301334
1025,0.012652106583118439
1026,0.012399321421980858
1027,0.012206843122839928
